{
  "project_info": {
    "project_number": "226133776770",
    "firebase_url": "https://my-security-fa5f8.firebaseio.com",
    "project_id": "my-security-fa5f8",
    "storage_bucket": "my-security-fa5f8.appspot.com"
  },
  "client": [
    {
      "client_info": {
        "mobilesdk_app_id": "1:226133776770:android:9d09214d91de4c95d4579b",
        "android_client_info": {
          "package_name": "com.example.mysecurity"
        }
      },
      "oauth_client": [
        {
          "client_id": "226133776770-mr90dsvtaj2s3vh6plqv9td3bsqmlafn.apps.googleusercontent.com",
          "client_type": 3
        }
      ],
      "api_key": [
        {
          "current_key": "AIzaSyA4NFLGNxxMW0UBS7mYMw2LcrckXidesc0"
        }
      ],
      "services": {
        "appinvite_service": {
          "other_platform_oauth_client": [
            {
              "client_id": "226133776770-mr90dsvtaj2s3vh6plqv9td3bsqmlafn.apps.googleusercontent.com",
              "client_type": 3
            }
          ]
        }
      }
    }
  ],
  "configuration_version": "1"
}